,precision,recall,f1_score
0,0.4573170731707317,0.8164852255054432,0.5862646566164154
