,precision,recall,f1_score
0,0.6369710467706013,0.9079365079365079,0.7486910994764396
