,precision,recall,f1_score
0,0.1705665024630542,0.5931477516059958,0.2649450023912004
