,precision,recall,f1_score
0,0.17709867452135494,0.7366003062787136,0.28554467200949835
