,precision,recall,f1_score
0,0.6369710467706013,0.8125,0.7141073657927591
