,precision,recall,f1_score
0,0.6278409090909091,0.8154981549815498,0.7094703049759229
