,precision,recall,f1_score
0,0.03861517976031957,0.09105180533751962,0.054230949041608224
