,precision,recall,f1_score
0,0.04895960832313342,0.08565310492505353,0.06230529595015576
