,precision,recall,f1_score
0,0.0662842574888464,0.13577023498694518,0.08907922912205567
