,precision,recall,f1_score
0,0.6461988304093568,0.8154981549815498,0.7210440456769984
