,precision,recall,f1_score
0,0.4711191335740072,0.7414772727272727,0.5761589403973509
