,precision,recall,f1_score
0,0.6028645833333334,0.8938223938223938,0.7200622083981338
