,precision,recall,f1_score
0,0.42453748782862705,0.7676056338028169,0.5467084639498432
