,precision,recall,f1_score
0,0.2094933820173437,0.5992167101827677,0.31044978018261754
