,precision,recall,f1_score
0,0.14319433516915814,0.5714285714285714,0.22900283107895564
